USE [COMDATA]
GO

-- -------------------------------------------------------------------------------------
-- MODULO DE EVENTOS
-- -------------------------------------------------------------------------------------

-- -------------------------------------------------------------------------------------
-- [COMDATA_EVENTOS].[EVENTOS_ANO]
-- -------------------------------------------------------------------------------------
INSERT [COMDATA_EVENTOS].[EVENTOS_ANO] ([ANO]) VALUES (2015)
INSERT [COMDATA_EVENTOS].[EVENTOS_ANO] ([ANO]) VALUES (2016)
INSERT [COMDATA_EVENTOS].[EVENTOS_ANO] ([ANO]) VALUES (2017)
INSERT [COMDATA_EVENTOS].[EVENTOS_ANO] ([ANO]) VALUES (2018)
INSERT [COMDATA_EVENTOS].[EVENTOS_ANO] ([ANO]) VALUES (2019)
INSERT [COMDATA_EVENTOS].[EVENTOS_ANO] ([ANO]) VALUES (2020)
INSERT [COMDATA_EVENTOS].[EVENTOS_ANO] ([ANO]) VALUES (2021)
INSERT [COMDATA_EVENTOS].[EVENTOS_ANO] ([ANO]) VALUES (2022)
INSERT [COMDATA_EVENTOS].[EVENTOS_ANO] ([ANO]) VALUES (2023)
INSERT [COMDATA_EVENTOS].[EVENTOS_ANO] ([ANO]) VALUES (2024)
INSERT [COMDATA_EVENTOS].[EVENTOS_ANO] ([ANO]) VALUES (2025)
INSERT [COMDATA_EVENTOS].[EVENTOS_ANO] ([ANO]) VALUES (2026)
INSERT [COMDATA_EVENTOS].[EVENTOS_ANO] ([ANO]) VALUES (2027)
INSERT [COMDATA_EVENTOS].[EVENTOS_ANO] ([ANO]) VALUES (2028)
INSERT [COMDATA_EVENTOS].[EVENTOS_ANO] ([ANO]) VALUES (2029)
INSERT [COMDATA_EVENTOS].[EVENTOS_ANO] ([ANO]) VALUES (2030)
GO

-- -------------------------------------------------------------------------------------
-- [COMDATA_EVENTOS].[EVENTOS_DIA_DA_SEMANA]
-- -------------------------------------------------------------------------------------
INSERT [COMDATA_EVENTOS].[EVENTOS_DIA_DA_SEMANA] ([ID_DIA_DA_SEMANA], [DESCRICAO]) VALUES (1, N'Domingo')
INSERT [COMDATA_EVENTOS].[EVENTOS_DIA_DA_SEMANA] ([ID_DIA_DA_SEMANA], [DESCRICAO]) VALUES (2, N'Segunda-feira')
INSERT [COMDATA_EVENTOS].[EVENTOS_DIA_DA_SEMANA] ([ID_DIA_DA_SEMANA], [DESCRICAO]) VALUES (3, N'Terça-feira')
INSERT [COMDATA_EVENTOS].[EVENTOS_DIA_DA_SEMANA] ([ID_DIA_DA_SEMANA], [DESCRICAO]) VALUES (4, N'Quarta-feira')
INSERT [COMDATA_EVENTOS].[EVENTOS_DIA_DA_SEMANA] ([ID_DIA_DA_SEMANA], [DESCRICAO]) VALUES (5, N'Quinta-feira')
INSERT [COMDATA_EVENTOS].[EVENTOS_DIA_DA_SEMANA] ([ID_DIA_DA_SEMANA], [DESCRICAO]) VALUES (6, N'Sexta-feira')
INSERT [COMDATA_EVENTOS].[EVENTOS_DIA_DA_SEMANA] ([ID_DIA_DA_SEMANA], [DESCRICAO]) VALUES (7, N'Sábado')
GO

-- -------------------------------------------------------------------------------------
-- [COMDATA_EVENTOS].[EVENTOS_ABRANGENCIA]
-- -------------------------------------------------------------------------------------
INSERT [COMDATA_EVENTOS].[EVENTOS_ABRANGENCIA] ([ID_ABRANGENCIA], [DESCRICAO]) VALUES (1, N'Nacional')
INSERT [COMDATA_EVENTOS].[EVENTOS_ABRANGENCIA] ([ID_ABRANGENCIA], [DESCRICAO]) VALUES (2, N'Estadual (SP)')
INSERT [COMDATA_EVENTOS].[EVENTOS_ABRANGENCIA] ([ID_ABRANGENCIA], [DESCRICAO]) VALUES (3, N'Municipal (Sorocaba)')
INSERT [COMDATA_EVENTOS].[EVENTOS_ABRANGENCIA] ([ID_ABRANGENCIA], [DESCRICAO]) VALUES (4, N'Indiferente')
GO

-- -------------------------------------------------------------------------------------
-- [COMDATA_EVENTOS].[EVENTOS_PERIODO]
-- -------------------------------------------------------------------------------------
INSERT [COMDATA_EVENTOS].[EVENTOS_PERIODO] ([ID_PERIODO], [DESCRICAO], [HORA_INICIO], [HORA_FIM]) VALUES (1, N'Integral', NULL, NULL)
INSERT [COMDATA_EVENTOS].[EVENTOS_PERIODO] ([ID_PERIODO], [DESCRICAO], [HORA_INICIO], [HORA_FIM]) VALUES (2, N'Manhã', CAST(0x0700709A4A320000 AS Time), CAST(0x0700E03495640000 AS Time))
INSERT [COMDATA_EVENTOS].[EVENTOS_PERIODO] ([ID_PERIODO], [DESCRICAO], [HORA_INICIO], [HORA_FIM]) VALUES (3, N'Tarde', CAST(0x0700E03495640000 AS Time), CAST(0x070050CFDF960000 AS Time))
GO

-- -------------------------------------------------------------------------------------
-- [COMDATA_EVENTOS].[EVENTOS_CATEGORIA]
-- -------------------------------------------------------------------------------------
INSERT [COMDATA_EVENTOS].[EVENTOS_CATEGORIA] ([ID_CATEGORIA], [DESCRICAO]) VALUES (1, N'Feriado')
INSERT [COMDATA_EVENTOS].[EVENTOS_CATEGORIA] ([ID_CATEGORIA], [DESCRICAO]) VALUES (2, N'Feriado Móvel')
INSERT [COMDATA_EVENTOS].[EVENTOS_CATEGORIA] ([ID_CATEGORIA], [DESCRICAO]) VALUES (3, N'Ponto Facultativo')
INSERT [COMDATA_EVENTOS].[EVENTOS_CATEGORIA] ([ID_CATEGORIA], [DESCRICAO]) VALUES (4, N'Ponto Facultativo Móvel')
INSERT [COMDATA_EVENTOS].[EVENTOS_CATEGORIA] ([ID_CATEGORIA], [DESCRICAO]) VALUES (5, N'Indiferente')
GO

-- -------------------------------------------------------------------------------------
-- [COMDATA_EVENTOS].[EVENTOS_DETALHE]
-- -------------------------------------------------------------------------------------
INSERT [COMDATA_EVENTOS].[EVENTOS_DETALHE] ([ID_DETALHE], [ID_CATEGORIA], [ID_ABRANGENCIA], [ID_PERIODO], [DESCRICAO], [MES_DIA]) VALUES (1, 1, 1, 1, N'Confraternização Universal', N'01/01')
INSERT [COMDATA_EVENTOS].[EVENTOS_DETALHE] ([ID_DETALHE], [ID_CATEGORIA], [ID_ABRANGENCIA], [ID_PERIODO], [DESCRICAO], [MES_DIA]) VALUES (2, 4, 3, 1, N'Carnaval', NULL)
INSERT [COMDATA_EVENTOS].[EVENTOS_DETALHE] ([ID_DETALHE], [ID_CATEGORIA], [ID_ABRANGENCIA], [ID_PERIODO], [DESCRICAO], [MES_DIA]) VALUES (3, 4, 3, 2, N'Quarta-feira de Cinzas', NULL)
INSERT [COMDATA_EVENTOS].[EVENTOS_DETALHE] ([ID_DETALHE], [ID_CATEGORIA], [ID_ABRANGENCIA], [ID_PERIODO], [DESCRICAO], [MES_DIA]) VALUES (4, 2, 1, 1, N'Sexta-feira Santa (Paixão de Cristo)', NULL)
INSERT [COMDATA_EVENTOS].[EVENTOS_DETALHE] ([ID_DETALHE], [ID_CATEGORIA], [ID_ABRANGENCIA], [ID_PERIODO], [DESCRICAO], [MES_DIA]) VALUES (5, 2, 1, 1, N'Páscoa', NULL)
INSERT [COMDATA_EVENTOS].[EVENTOS_DETALHE] ([ID_DETALHE], [ID_CATEGORIA], [ID_ABRANGENCIA], [ID_PERIODO], [DESCRICAO], [MES_DIA]) VALUES (6, 1, 1, 1, N'Tiradentes', N'04/21')
INSERT [COMDATA_EVENTOS].[EVENTOS_DETALHE] ([ID_DETALHE], [ID_CATEGORIA], [ID_ABRANGENCIA], [ID_PERIODO], [DESCRICAO], [MES_DIA]) VALUES (7, 1, 1, 1, N'Dia do Trabalho', N'05/01')
INSERT [COMDATA_EVENTOS].[EVENTOS_DETALHE] ([ID_DETALHE], [ID_CATEGORIA], [ID_ABRANGENCIA], [ID_PERIODO], [DESCRICAO], [MES_DIA]) VALUES (8, 2, 3, 1, N'Corpus Christi (Quinta-feira)', NULL)
INSERT [COMDATA_EVENTOS].[EVENTOS_DETALHE] ([ID_DETALHE], [ID_CATEGORIA], [ID_ABRANGENCIA], [ID_PERIODO], [DESCRICAO], [MES_DIA]) VALUES (9, 1, 2, 1, N'Revolução Constitucionalista de 1932', N'07/09')
INSERT [COMDATA_EVENTOS].[EVENTOS_DETALHE] ([ID_DETALHE], [ID_CATEGORIA], [ID_ABRANGENCIA], [ID_PERIODO], [DESCRICAO], [MES_DIA]) VALUES (10, 1, 3, 1, N'Aniversário de Sorocaba', N'08/15')
INSERT [COMDATA_EVENTOS].[EVENTOS_DETALHE] ([ID_DETALHE], [ID_CATEGORIA], [ID_ABRANGENCIA], [ID_PERIODO], [DESCRICAO], [MES_DIA]) VALUES (11, 1, 1, 1, N'Independência do Brasil', N'09/07')
INSERT [COMDATA_EVENTOS].[EVENTOS_DETALHE] ([ID_DETALHE], [ID_CATEGORIA], [ID_ABRANGENCIA], [ID_PERIODO], [DESCRICAO], [MES_DIA]) VALUES (12, 1, 1, 1, N'Nossa Senhora Aparecida', N'10/12')
INSERT [COMDATA_EVENTOS].[EVENTOS_DETALHE] ([ID_DETALHE], [ID_CATEGORIA], [ID_ABRANGENCIA], [ID_PERIODO], [DESCRICAO], [MES_DIA]) VALUES (13, 4, 3, 1, N'Dia do Funcionário Público', N'10/28')
INSERT [COMDATA_EVENTOS].[EVENTOS_DETALHE] ([ID_DETALHE], [ID_CATEGORIA], [ID_ABRANGENCIA], [ID_PERIODO], [DESCRICAO], [MES_DIA]) VALUES (14, 1, 1, 1, N'Finados', N'11/02')
INSERT [COMDATA_EVENTOS].[EVENTOS_DETALHE] ([ID_DETALHE], [ID_CATEGORIA], [ID_ABRANGENCIA], [ID_PERIODO], [DESCRICAO], [MES_DIA]) VALUES (15, 1, 1, 1, N'Proclamação da República', N'11/15')
INSERT [COMDATA_EVENTOS].[EVENTOS_DETALHE] ([ID_DETALHE], [ID_CATEGORIA], [ID_ABRANGENCIA], [ID_PERIODO], [DESCRICAO], [MES_DIA]) VALUES (16, 1, 3, 1, N'Consciência Negra', N'11/20')
INSERT [COMDATA_EVENTOS].[EVENTOS_DETALHE] ([ID_DETALHE], [ID_CATEGORIA], [ID_ABRANGENCIA], [ID_PERIODO], [DESCRICAO], [MES_DIA]) VALUES (17, 3, 1, 3, N'Véspera de Natal', N'12/24')
INSERT [COMDATA_EVENTOS].[EVENTOS_DETALHE] ([ID_DETALHE], [ID_CATEGORIA], [ID_ABRANGENCIA], [ID_PERIODO], [DESCRICAO], [MES_DIA]) VALUES (18, 1, 1, 1, N'Natal', N'12/25')
INSERT [COMDATA_EVENTOS].[EVENTOS_DETALHE] ([ID_DETALHE], [ID_CATEGORIA], [ID_ABRANGENCIA], [ID_PERIODO], [DESCRICAO], [MES_DIA]) VALUES (19, 3, 1, 3, N'Véspera de Ano Novo', N'12/31')
INSERT [COMDATA_EVENTOS].[EVENTOS_DETALHE] ([ID_DETALHE], [ID_CATEGORIA], [ID_ABRANGENCIA], [ID_PERIODO], [DESCRICAO], [MES_DIA]) VALUES (9999, 3, 4, 1, N'Emenda ou Ponto Facultativo', NULL)
GO

-- -------------------------------------------------------------------------------------
-- [COMDATA_EVENTOS].[EVENTOS_CALENDARIO]
-- -------------------------------------------------------------------------------------
