USE [COMDATA]
GO

-- -------------------------------------------------------------------------------------
-- MODULO DE EVENTOS
-- -------------------------------------------------------------------------------------

-- -------------------------------------------------------------------------------------
-- [COMDATA_EVENTOS].[EVENTOS_ANO]
-- -------------------------------------------------------------------------------------
INSERT [COMDATA_EVENTOS].[EVENTOS_ANO] ([ANO]) VALUES (2015)
INSERT [COMDATA_EVENTOS].[EVENTOS_ANO] ([ANO]) VALUES (2016)
INSERT [COMDATA_EVENTOS].[EVENTOS_ANO] ([ANO]) VALUES (2017)
INSERT [COMDATA_EVENTOS].[EVENTOS_ANO] ([ANO]) VALUES (2018)
INSERT [COMDATA_EVENTOS].[EVENTOS_ANO] ([ANO]) VALUES (2019)
INSERT [COMDATA_EVENTOS].[EVENTOS_ANO] ([ANO]) VALUES (2020)
INSERT [COMDATA_EVENTOS].[EVENTOS_ANO] ([ANO]) VALUES (2021)
INSERT [COMDATA_EVENTOS].[EVENTOS_ANO] ([ANO]) VALUES (2022)
INSERT [COMDATA_EVENTOS].[EVENTOS_ANO] ([ANO]) VALUES (2023)
INSERT [COMDATA_EVENTOS].[EVENTOS_ANO] ([ANO]) VALUES (2024)
INSERT [COMDATA_EVENTOS].[EVENTOS_ANO] ([ANO]) VALUES (2025)
INSERT [COMDATA_EVENTOS].[EVENTOS_ANO] ([ANO]) VALUES (2026)
INSERT [COMDATA_EVENTOS].[EVENTOS_ANO] ([ANO]) VALUES (2027)
INSERT [COMDATA_EVENTOS].[EVENTOS_ANO] ([ANO]) VALUES (2028)
INSERT [COMDATA_EVENTOS].[EVENTOS_ANO] ([ANO]) VALUES (2029)
INSERT [COMDATA_EVENTOS].[EVENTOS_ANO] ([ANO]) VALUES (2030)
GO

-- -------------------------------------------------------------------------------------
-- [COMDATA_EVENTOS].[EVENTOS_DIA_DA_SEMANA]
-- -------------------------------------------------------------------------------------
INSERT [COMDATA_EVENTOS].[EVENTOS_DIA_DA_SEMANA] ([ID_DIA_DA_SEMANA], [DESCRICAO]) VALUES (1, N'Domingo')
INSERT [COMDATA_EVENTOS].[EVENTOS_DIA_DA_SEMANA] ([ID_DIA_DA_SEMANA], [DESCRICAO]) VALUES (2, N'Segunda-feira')
INSERT [COMDATA_EVENTOS].[EVENTOS_DIA_DA_SEMANA] ([ID_DIA_DA_SEMANA], [DESCRICAO]) VALUES (3, N'Terça-feira')
INSERT [COMDATA_EVENTOS].[EVENTOS_DIA_DA_SEMANA] ([ID_DIA_DA_SEMANA], [DESCRICAO]) VALUES (4, N'Quarta-feira')
INSERT [COMDATA_EVENTOS].[EVENTOS_DIA_DA_SEMANA] ([ID_DIA_DA_SEMANA], [DESCRICAO]) VALUES (5, N'Quinta-feira')
INSERT [COMDATA_EVENTOS].[EVENTOS_DIA_DA_SEMANA] ([ID_DIA_DA_SEMANA], [DESCRICAO]) VALUES (6, N'Sexta-feira')
INSERT [COMDATA_EVENTOS].[EVENTOS_DIA_DA_SEMANA] ([ID_DIA_DA_SEMANA], [DESCRICAO]) VALUES (7, N'Sábado')
GO

-- -------------------------------------------------------------------------------------
-- [COMDATA_EVENTOS].[EVENTOS_ABRANGENCIA]
-- -------------------------------------------------------------------------------------
INSERT [COMDATA_EVENTOS].[EVENTOS_ABRANGENCIA] ([ID_ABRANGENCIA], [DESCRICAO]) VALUES (1, N'Nacional')
INSERT [COMDATA_EVENTOS].[EVENTOS_ABRANGENCIA] ([ID_ABRANGENCIA], [DESCRICAO]) VALUES (2, N'Estadual (SP)')
INSERT [COMDATA_EVENTOS].[EVENTOS_ABRANGENCIA] ([ID_ABRANGENCIA], [DESCRICAO]) VALUES (3, N'Municipal (Sorocaba)')
INSERT [COMDATA_EVENTOS].[EVENTOS_ABRANGENCIA] ([ID_ABRANGENCIA], [DESCRICAO]) VALUES (4, N'Indiferente')
GO

-- -------------------------------------------------------------------------------------
-- [COMDATA_EVENTOS].[EVENTOS_PERIODO]
-- -------------------------------------------------------------------------------------
INSERT [COMDATA_EVENTOS].[EVENTOS_PERIODO] ([ID_PERIODO], [DESCRICAO], [HORA_INICIO], [HORA_FIM]) VALUES (1, N'Integral', NULL, NULL)
INSERT [COMDATA_EVENTOS].[EVENTOS_PERIODO] ([ID_PERIODO], [DESCRICAO], [HORA_INICIO], [HORA_FIM]) VALUES (2, N'Manhã', CAST(0x0700709A4A320000 AS Time), CAST(0x0700E03495640000 AS Time))
INSERT [COMDATA_EVENTOS].[EVENTOS_PERIODO] ([ID_PERIODO], [DESCRICAO], [HORA_INICIO], [HORA_FIM]) VALUES (3, N'Tarde', CAST(0x0700E03495640000 AS Time), CAST(0x070050CFDF960000 AS Time))
GO

-- -------------------------------------------------------------------------------------
-- [COMDATA_EVENTOS].[EVENTOS_CATEGORIA]
-- -------------------------------------------------------------------------------------
INSERT [COMDATA_EVENTOS].[EVENTOS_CATEGORIA] ([ID_CATEGORIA], [DESCRICAO]) VALUES (1, N'Feriado')
INSERT [COMDATA_EVENTOS].[EVENTOS_CATEGORIA] ([ID_CATEGORIA], [DESCRICAO]) VALUES (2, N'Feriado Móvel')
INSERT [COMDATA_EVENTOS].[EVENTOS_CATEGORIA] ([ID_CATEGORIA], [DESCRICAO]) VALUES (3, N'Ponto Facultativo')
INSERT [COMDATA_EVENTOS].[EVENTOS_CATEGORIA] ([ID_CATEGORIA], [DESCRICAO]) VALUES (4, N'Ponto Facultativo Móvel')
INSERT [COMDATA_EVENTOS].[EVENTOS_CATEGORIA] ([ID_CATEGORIA], [DESCRICAO]) VALUES (5, N'Indiferente')
GO

-- -------------------------------------------------------------------------------------
-- [COMDATA_EVENTOS].[EVENTOS_DETALHE]
-- -------------------------------------------------------------------------------------
INSERT [COMDATA_EVENTOS].[EVENTOS_DETALHE] ([ID_DETALHE], [ID_CATEGORIA], [ID_ABRANGENCIA], [ID_PERIODO], [DESCRICAO], [INFO_ADICIONAL]) VALUES (1, 1, 1, 1, N'Confraternização Universal', N'01/JAN')
INSERT [COMDATA_EVENTOS].[EVENTOS_DETALHE] ([ID_DETALHE], [ID_CATEGORIA], [ID_ABRANGENCIA], [ID_PERIODO], [DESCRICAO], [INFO_ADICIONAL]) VALUES (2, 4, 3, 1, N'Carnaval', NULL)
INSERT [COMDATA_EVENTOS].[EVENTOS_DETALHE] ([ID_DETALHE], [ID_CATEGORIA], [ID_ABRANGENCIA], [ID_PERIODO], [DESCRICAO], [INFO_ADICIONAL]) VALUES (3, 4, 3, 2, N'Quarta-feira de Cinzas', NULL)
INSERT [COMDATA_EVENTOS].[EVENTOS_DETALHE] ([ID_DETALHE], [ID_CATEGORIA], [ID_ABRANGENCIA], [ID_PERIODO], [DESCRICAO], [INFO_ADICIONAL]) VALUES (4, 2, 1, 1, N'Sexta-feira Santa (Paixão de Cristo)', NULL)
INSERT [COMDATA_EVENTOS].[EVENTOS_DETALHE] ([ID_DETALHE], [ID_CATEGORIA], [ID_ABRANGENCIA], [ID_PERIODO], [DESCRICAO], [INFO_ADICIONAL]) VALUES (5, 2, 1, 1, N'Páscoa', NULL)
INSERT [COMDATA_EVENTOS].[EVENTOS_DETALHE] ([ID_DETALHE], [ID_CATEGORIA], [ID_ABRANGENCIA], [ID_PERIODO], [DESCRICAO], [INFO_ADICIONAL]) VALUES (6, 1, 1, 1, N'Tiradentes', N'21/ABR')
INSERT [COMDATA_EVENTOS].[EVENTOS_DETALHE] ([ID_DETALHE], [ID_CATEGORIA], [ID_ABRANGENCIA], [ID_PERIODO], [DESCRICAO], [INFO_ADICIONAL]) VALUES (7, 1, 1, 1, N'Dia do Trabalho', N'01/MAI')
INSERT [COMDATA_EVENTOS].[EVENTOS_DETALHE] ([ID_DETALHE], [ID_CATEGORIA], [ID_ABRANGENCIA], [ID_PERIODO], [DESCRICAO], [INFO_ADICIONAL]) VALUES (8, 2, 3, 1, N'Corpus Christi (Quinta-feira)', NULL)
INSERT [COMDATA_EVENTOS].[EVENTOS_DETALHE] ([ID_DETALHE], [ID_CATEGORIA], [ID_ABRANGENCIA], [ID_PERIODO], [DESCRICAO], [INFO_ADICIONAL]) VALUES (9, 1, 2, 1, N'Revolução Constitucionalista de 1932', N'09/JUL')
INSERT [COMDATA_EVENTOS].[EVENTOS_DETALHE] ([ID_DETALHE], [ID_CATEGORIA], [ID_ABRANGENCIA], [ID_PERIODO], [DESCRICAO], [INFO_ADICIONAL]) VALUES (10, 1, 3, 1, N'Aniversário de Sorocaba', N'15/AGO')
INSERT [COMDATA_EVENTOS].[EVENTOS_DETALHE] ([ID_DETALHE], [ID_CATEGORIA], [ID_ABRANGENCIA], [ID_PERIODO], [DESCRICAO], [INFO_ADICIONAL]) VALUES (11, 1, 1, 1, N'Independência do Brasil', N'07/SET')
INSERT [COMDATA_EVENTOS].[EVENTOS_DETALHE] ([ID_DETALHE], [ID_CATEGORIA], [ID_ABRANGENCIA], [ID_PERIODO], [DESCRICAO], [INFO_ADICIONAL]) VALUES (12, 1, 1, 1, N'Nossa Senhora Aparecida', N'12/OUT')
INSERT [COMDATA_EVENTOS].[EVENTOS_DETALHE] ([ID_DETALHE], [ID_CATEGORIA], [ID_ABRANGENCIA], [ID_PERIODO], [DESCRICAO], [INFO_ADICIONAL]) VALUES (13, 4, 3, 1, N'Dia do Funcionário Público', N'28/OUT (Data pode variar levemente)')
INSERT [COMDATA_EVENTOS].[EVENTOS_DETALHE] ([ID_DETALHE], [ID_CATEGORIA], [ID_ABRANGENCIA], [ID_PERIODO], [DESCRICAO], [INFO_ADICIONAL]) VALUES (14, 1, 1, 1, N'Finados', N'02/NOV')
INSERT [COMDATA_EVENTOS].[EVENTOS_DETALHE] ([ID_DETALHE], [ID_CATEGORIA], [ID_ABRANGENCIA], [ID_PERIODO], [DESCRICAO], [INFO_ADICIONAL]) VALUES (15, 1, 1, 1, N'Proclamação da República', N'15/NOV')
INSERT [COMDATA_EVENTOS].[EVENTOS_DETALHE] ([ID_DETALHE], [ID_CATEGORIA], [ID_ABRANGENCIA], [ID_PERIODO], [DESCRICAO], [INFO_ADICIONAL]) VALUES (16, 1, 3, 1, N'Consciência Negra', N'20/NOV')
INSERT [COMDATA_EVENTOS].[EVENTOS_DETALHE] ([ID_DETALHE], [ID_CATEGORIA], [ID_ABRANGENCIA], [ID_PERIODO], [DESCRICAO], [INFO_ADICIONAL]) VALUES (17, 3, 1, 3, N'Véspera de Natal', N'24/DEZ')
INSERT [COMDATA_EVENTOS].[EVENTOS_DETALHE] ([ID_DETALHE], [ID_CATEGORIA], [ID_ABRANGENCIA], [ID_PERIODO], [DESCRICAO], [INFO_ADICIONAL]) VALUES (18, 1, 1, 1, N'Natal', N'25/DEZ')
INSERT [COMDATA_EVENTOS].[EVENTOS_DETALHE] ([ID_DETALHE], [ID_CATEGORIA], [ID_ABRANGENCIA], [ID_PERIODO], [DESCRICAO], [INFO_ADICIONAL]) VALUES (19, 3, 1, 3, N'Véspera de Ano Novo', N'31/DEZ')
INSERT [COMDATA_EVENTOS].[EVENTOS_DETALHE] ([ID_DETALHE], [ID_CATEGORIA], [ID_ABRANGENCIA], [ID_PERIODO], [DESCRICAO], [INFO_ADICIONAL]) VALUES (20, 5, 4, 1, N'Emenda ou Ponto Facultativo', N'Emenda de feriado ou ponto facultativo genérico')
GO

-- -------------------------------------------------------------------------------------
-- [COMDATA_EVENTOS].[EVENTOS_CALENDARIO]
-- -------------------------------------------------------------------------------------
